{
	"seed": 42,
	"params": {
		"N": 1000,
		"S": 5,
		"baseJ": {
			"mean": 60,
			"stdDev": 20
		},
		"baseM": {
			"mean": 25,
			"stdDev": 20
		},
		"perturbation": {
			"J": 4,
			"M": 4,
			"h": 4
		}
	},
	"OK-vs-2000": {
		"slope": 95.0960067035668,
		"intercept": 1.032770698406763,
		"r": 0.800982489528111,
		"r2": 0.6415729485306505,
		"n": 5000
	},
	"OK2-vs-2000": {
		"slope": 85.37253795140855,
		"intercept": 0.47298859537273674,
		"r": 0.8495941080511739,
		"r2": 0.7218101484352697,
		"n": 5000
	}
}
